{
  "train_loss_last": 5.7746210377663375e-05,
  "val_loss_last": 5.594367507612333e-05,
  "best_val_loss": 5.594367507612333e-05,
  "epochs_ran": 50
}