{
  "feature_names": [
    "strain",
    "prev_strain",
    "prev_stress",
    "control",
    "E"
  ],
  "base_r2": 0.9850848913192749,
  "base_r2_perm_call": 0.9850848913192749,
  "permutation_importance": {
    "strain": 574.5354388952255,
    "prev_strain": 459.4222186803818,
    "prev_stress": 0.08517098426818848,
    "control": 0.0005802512168884277,
    "E": 0.0
  },
  "saliency": {
    "strain": 0.10712598264217377,
    "prev_strain": 0.10967306792736053,
    "prev_stress": 0.004147244151681662,
    "control": 0.0023678676225245,
    "E": 0.006758942734450102
  },
  "integrated_gradients": {
    "strain": 0.14244362711906433,
    "prev_strain": 0.14713047444820404,
    "prev_stress": 0.004476088099181652,
    "control": 0.003338973270729184,
    "E": 0.01103823073208332
  },
  "standardized": true,
  "target_delta": true,
  "n_samples": 300000,
  "x_stats": {
    "x_mean": [
      [
        0.045283492654561996,
        0.045212551951408386,
        0.05124843865633011,
        0.49949994683265686,
        1.0
      ]
    ],
    "x_std": [
      [
        0.7143478393554688,
        0.7138396501541138,
        0.8730935454368591,
        0.2886655330657959,
        9.99999993922529e-09
      ]
    ]
  }
}